Timestamp,Gyro_X_dps,Gyro_Y_dps,Gyro_Z_dps,Accel_X_mps2,Accel_Y_mps2,Accel_Z_mps2,Tilt_Angle_Deg
0.005603,0.411987,-0.274658,0.064824,0.083826,-8.393945,-5.494790,-123.209305
0.021281,0.305176,-0.305176,0.095342,0.111368,-8.399932,-5.484611,-123.141930
0.036885,0.419617,-0.389099,0.011418,0.088017,-8.390951,-5.496586,-123.227257
0.052498,0.289917,-0.213623,0.087712,0.094005,-8.413105,-5.489401,-123.123734
0.068097,0.343323,-0.320435,0.057195,0.086819,-8.393346,-5.470241,-123.093712
0.083675,0.373840,-0.282288,0.034307,0.098196,-8.394544,-5.479222,-123.132980
0.099260,0.335693,-0.259399,0.095342,0.073048,-8.415500,-5.470839,-123.027527
0.114821,0.381470,-0.335693,0.087712,0.101190,-8.408914,-5.489401,-123.136795
0.130395,0.396729,-0.221252,0.011418,0.118553,-8.407716,-5.482814,-123.109055
0.145989,0.419617,-0.343323,0.019048,0.087418,-8.403524,-5.498981,-123.199371
0.161574,0.366211,-0.259399,-0.011470,0.107177,-8.397537,-5.498981,-123.218086
0.177165,0.366211,-0.251770,0.049565,0.086221,-8.410111,-5.495388,-123.161659
0.192765,0.236511,-0.175476,0.003789,0.084424,-8.417895,-5.512752,-123.220192
0.208353,0.312805,-0.267029,0.110601,0.101190,-8.407716,-5.484012,-123.114792
0.223948,0.404358,-0.404358,0.034307,0.101788,-8.402926,-5.473234,-123.078148
0.239551,0.328064,-0.289917,0.148748,0.093406,-8.411907,-5.512752,-123.238876
0.255161,0.389099,-0.228882,0.034307,0.119751,-8.403524,-5.474432,-123.082031
0.270772,0.312805,-0.198364,0.019048,0.099992,-8.390352,-5.489999,-123.197639
0.286387,0.404358,-0.205994,0.049565,0.095202,-8.401729,-5.499579,-123.207840
0.301967,0.244141,-0.167847,-0.003840,0.092807,-8.396339,-5.491796,-123.187500
0.317553,0.282288,-0.251770,0.026677,0.088017,-8.399932,-5.485808,-123.147652
0.333163,0.358582,-0.366211,-0.049617,0.105381,-8.397537,-5.489999,-123.175179
0.348773,0.373840,-0.213623,0.003789,0.086819,-8.414303,-5.497783,-123.160019
0.364386,0.267029,-0.137329,0.110601,0.088616,-8.405920,-5.484012,-123.120377
0.379996,0.389099,-0.205994,0.041936,0.105381,-8.408315,-5.470241,-123.047035
0.395605,0.434875,-0.205994,0.003789,0.096998,-8.399932,-5.498382,-123.207733
0.411226,0.289917,-0.312805,0.041936,0.094603,-8.389154,-5.493592,-123.218567
0.426836,0.305176,-0.183105,-0.019099,0.090412,-8.403524,-5.489999,-123.156479
0.442436,0.427246,-0.282288,0.118230,0.113165,-8.411907,-5.484611,-123.104568
0.458038,0.373840,-0.396729,0.095342,0.087418,-8.404123,-5.487006,-123.140305
0.473622,0.274658,-0.213623,0.072454,0.095202,-8.421488,-5.496586,-123.131920
0.489217,0.251770,-0.358582,-0.064875,0.095801,-8.405321,-5.476228,-123.085022
0.504818,0.389099,-0.343323,0.011418,0.101190,-8.399932,-5.510357,-123.264885
0.520424,0.434875,-0.289917,0.041936,0.099393,-8.407117,-5.489401,-123.142410
0.536024,0.381470,-0.267029,-0.026729,0.098196,-8.406519,-5.487006,-123.132820
0.551632,0.404358,-0.312805,0.110601,0.091610,-8.392148,-5.492394,-123.203468
0.567224,0.244141,-0.244141,0.102971,0.099393,-8.397537,-5.480419,-123.129364
0.582833,0.396729,-0.267029,0.072454,0.096400,-8.396339,-5.485808,-123.158882
0.598426,0.427246,-0.213623,0.019048,0.103585,-8.395143,-5.498981,-123.225571
0.614015,0.419617,-0.320435,0.003789,0.098196,-8.393346,-5.488203,-123.179688
0.629626,0.328064,-0.236511,0.034307,0.098795,-8.390352,-5.514548,-123.314873
0.645226,0.259399,-0.236511,0.019048,0.107776,-8.386760,-5.483413,-123.177383
0.660840,0.274658,-0.289917,0.026677,0.087418,-8.384365,-5.486407,-123.199196
0.676448,0.129700,-0.465393,0.034307,0.089214,-8.384963,-5.503172,-123.277466
0.692056,0.320435,-0.106812,-0.011470,0.088017,-8.405321,-5.466049,-123.036285
0.707656,0.442505,-0.236511,0.095342,0.094005,-8.398136,-5.507962,-123.259079
0.723260,0.450134,-0.335693,0.003789,0.092807,-8.400531,-5.488203,-123.157242
0.738863,0.389099,-0.213623,-0.041987,0.087418,-8.407117,-5.503172,-123.208160
0.754467,0.427246,-0.320435,0.080083,0.098196,-8.419092,-5.501376,-123.162231
0.770080,0.373840,-0.205994,0.026677,0.098196,-8.408315,-5.484012,-123.112900
0.785687,0.373840,-0.350952,-0.019099,0.092807,-8.380174,-5.490598,-123.232376
0.801281,0.297546,-0.236511,0.133489,0.096998,-8.408914,-5.481617,-123.099594
0.816924,0.312805,-0.274658,0.057195,0.091610,-8.388556,-5.485209,-123.180359
0.832502,0.305176,-0.404358,0.072454,0.114961,-8.383167,-5.495987,-123.248772
0.848096,0.328064,-0.366211,0.118230,0.086819,-8.394544,-5.497184,-123.218864
0.863696,0.274658,-0.274658,0.026677,0.089214,-8.401729,-5.505567,-123.236420
0.879310,0.282288,-0.282288,0.057195,0.105980,-8.396339,-5.491197,-123.184647
0.894928,0.251770,-0.167847,0.019048,0.089214,-8.411907,-5.495388,-123.156059
0.910542,0.297546,-0.335693,0.019048,0.096400,-8.395741,-5.489401,-123.177925
0.926159,0.289917,-0.282288,0.011418,0.084424,-8.406519,-5.493592,-123.164291
0.941743,0.274658,-0.274658,0.125859,0.088616,-8.423284,-5.488802,-123.089172
0.957349,0.404358,-0.259399,0.041936,0.110171,-8.405920,-5.491796,-123.157570
0.972953,0.381470,-0.198364,0.141118,0.074246,-8.374186,-5.491796,-123.256882
0.988556,0.480652,-0.305176,0.041936,0.094005,-8.399932,-5.498382,-123.207733
1.004172,0.282288,-0.259399,0.026677,0.107776,-8.414303,-5.491197,-123.128586
1.019761,0.404358,-0.312805,0.171636,0.084424,-8.402328,-5.492394,-123.171654
1.035369,0.289917,-0.320435,0.011418,0.104183,-8.392148,-5.507363,-123.274971
1.050976,0.289917,-0.228882,-0.003840,0.091011,-8.410111,-5.498382,-123.175949
1.066575,0.205994,-0.183105,-0.003840,0.113165,-8.398136,-5.497783,-123.210495
1.082172,0.328064,-0.312805,0.026677,0.079036,-8.413105,-5.487006,-123.112289
1.097774,0.358582,-0.343323,0.011418,0.089813,-8.390951,-5.496586,-123.227257
1.113375,0.411987,-0.335693,0.087712,0.095202,-8.402926,-5.479821,-123.109680
1.128997,0.396729,-0.030518,-0.072505,0.101788,-8.407716,-5.488203,-123.134811
1.144615,0.228882,-0.297546,0.072454,0.110171,-8.411907,-5.505567,-123.204620
1.160227,0.396729,-0.282288,0.095342,0.080233,-8.403524,-5.494191,-123.176506
1.175841,0.335693,-0.259399,0.034307,0.099393,-8.400531,-5.502573,-123.225876
1.191447,0.297546,-0.312805,0.011418,0.095202,-8.414303,-5.479222,-123.071350
1.207050,0.328064,-0.305176,0.011418,0.098196,-8.416099,-5.502573,-123.177269
1.222649,0.396729,-0.312805,0.102971,0.098795,-8.415500,-5.505567,-123.193420
1.238246,0.404358,-0.167847,0.026677,0.098795,-8.387359,-5.502573,-123.267105
1.253855,0.259399,-0.320435,-0.095393,0.099393,-8.388556,-5.489401,-123.200401
1.269463,0.328064,-0.289917,-0.011470,0.079036,-8.408914,-5.501376,-123.193977
1.285050,0.404358,-0.259399,0.026677,0.089214,-8.405920,-5.492993,-123.163307
1.300648,0.335693,-0.328064,0.064824,0.090412,-8.405920,-5.493592,-123.166168
1.316236,0.335693,-0.267029,-0.003840,0.085023,-8.402926,-5.492394,-123.169785
1.331841,0.259399,-0.183105,-0.087764,0.101190,-8.395741,-5.510357,-123.278000
1.347436,0.373840,-0.251770,0.156377,0.101788,-8.401130,-5.496586,-123.195427
1.363035,0.419617,-0.228882,0.087712,0.095801,-8.410111,-5.495388,-123.161659
1.378641,0.274658,-0.396729,0.072454,0.091011,-8.417895,-5.495388,-123.137398
1.394245,0.335693,-0.236511,0.041936,0.094005,-8.408315,-5.486407,-123.124367
1.409856,0.358582,-0.213623,0.202153,0.120948,-8.493937,-5.513351,-122.987312
1.425464,1.075745,0.152588,0.911687,0.180225,-8.390951,-5.466049,-123.081100
1.441077,0.091553,0.221252,0.926946,0.100591,-8.409513,-5.423538,-122.819153
1.456685,-0.892639,0.030518,1.026128,0.022154,-8.360415,-5.455272,-123.124939
1.472303,-1.823425,0.297546,0.820134,0.094603,-8.405321,-5.468444,-123.047760
1.487911,-2.029419,-0.068665,0.186895,0.038919,-8.386161,-5.504370,-123.279434
1.503522,-1.548767,-0.297546,-0.316646,0.032932,-8.574769,-5.540295,-122.867149
1.519128,-0.923157,-0.526428,-0.789668,0.092807,-8.363408,-5.576819,-123.695816
1.534718,-0.526428,-0.656128,-0.957515,0.087418,-8.378976,-5.530116,-123.424767
1.550318,-0.663757,-0.930786,-1.209285,0.085023,-8.293354,-5.534906,-123.718765
1.565908,-1.098633,-1.174927,-1.422908,0.096998,-8.317304,-5.547480,-123.702515
1.581501,-0.579834,-0.709534,-0.896479,0.077239,-8.403524,-5.590590,-123.634521
1.597099,0.373840,-0.007629,0.087712,0.176633,-8.383167,-5.578016,-123.639114
1.612697,0.968933,-0.007629,0.598882,0.159269,-8.347840,-5.550474,-123.619911
1.628326,1.319885,0.106812,1.026128,0.091011,-8.318501,-5.564245,-123.778557
1.643937,0.801086,0.297546,1.125310,0.027543,-8.308922,-5.544486,-123.714912
1.659542,0.762939,0.267029,1.018499,0.052690,-8.341254,-5.567239,-123.720505
1.675144,1.441956,-0.160217,0.301335,0.126936,-8.365205,-5.572628,-123.670258
1.690733,2.197266,-0.511169,-0.309016,0.053888,-8.387359,-5.564844,-123.563477
1.706326,2.838135,-0.549316,-0.476863,0.044907,-8.368797,-5.518740,-123.402557
1.721929,2.937317,-0.747681,-0.591304,0.104183,-8.364007,-5.515746,-123.403336
1.737505,2.738953,-0.602722,-0.843074,0.120350,-8.368797,-5.464253,-123.141792
1.753098,2.456665,-0.877380,-0.972773,0.119152,-8.444241,-5.424735,-122.717438
1.768706,2.250671,-0.648499,-0.804927,0.090412,-8.472382,-5.463654,-122.817085
1.784300,2.204895,-0.305176,-0.400569,0.110171,-8.484956,-5.435513,-122.643860
1.799894,1.625061,-0.122070,-0.087764,0.167053,-8.490943,-5.370248,-122.312035
1.815496,0.907898,-0.396729,0.209783,0.105980,-8.453221,-5.375637,-122.453407
1.831097,-0.205994,-0.251770,0.102971,0.055684,-8.480764,-5.361267,-122.299759
1.846710,-1.144409,0.030518,0.431035,0.078437,-8.472382,-5.390606,-122.466805
1.862321,-1.899719,-0.099182,0.461553,0.104183,-8.458012,-5.430723,-122.703720
1.877927,-2.059937,0.045776,0.560735,0.135917,-8.425080,-5.467845,-122.983414
1.893537,-0.068665,0.053406,0.888799,0.131127,-8.399932,-5.494191,-123.187721
1.909141,-1.617432,0.175476,0.957463,0.073647,-8.378377,-5.533709,-123.443771
1.924751,-1.350403,0.007629,0.637029,0.061073,-8.351433,-5.536702,-123.542961
1.940339,-1.007080,-0.335693,0.263188,0.056283,-8.374784,-5.563646,-123.597412
1.955941,-0.556946,-0.350952,-0.194575,0.045505,-8.344248,-5.545085,-123.605621
1.971545,-0.221252,-0.251770,-0.270869,0.111967,-8.359816,-5.538498,-123.525047
1.987147,-0.091553,-0.434875,-0.179316,0.116757,-8.341254,-5.537900,-123.580856
2.002745,-0.442505,-0.511169,-0.377681,0.062271,-8.343649,-5.530116,-123.536156
2.018345,-0.366211,-0.419617,-0.408198,0.053289,-8.358618,-5.551671,-123.591537
2.033942,0.099182,-0.175476,-0.278499,0.095202,-8.365803,-5.571430,-123.662689
2.049542,0.617981,-0.335693,0.049565,0.148491,-8.361013,-5.710341,-124.331993
2.065140,1.312256,-0.305176,0.186895,0.104782,-8.344248,-5.555862,-123.656929
2.080749,1.380920,-0.198364,0.507329,0.083826,-8.337662,-5.537301,-123.589378
2.096352,1.472473,0.175476,0.522588,0.065264,-8.340056,-5.517542,-123.487473
2.111954,1.571655,-0.045776,0.385259,0.100591,-8.387958,-5.520536,-123.350922
2.127554,3.692627,-0.328064,-0.217463,0.124541,-8.472980,-5.551671,-123.233650
2.143144,2.342224,-0.404358,-0.484492,0.062869,-8.410709,-5.526524,-123.308189
2.158750,2.624512,-0.602722,-0.721003,0.064666,-8.408914,-5.475030,-123.068100
2.174365,2.265930,-0.671387,-0.659968,0.117356,-8.429870,-5.552270,-123.370590
2.189974,1.716614,-0.762939,-0.522639,0.085023,-8.402926,-5.455272,-122.992081
2.205577,0.839233,-0.610352,-0.667598,0.079634,-8.475974,-5.425932,-122.625526
2.221175,0.587463,-0.320435,-0.293757,0.128134,-8.468190,-5.436111,-122.698227
2.236762,0.335693,-0.251770,0.041936,0.119751,-8.467591,-5.559455,-123.287186
2.252368,0.137329,0.030518,0.362371,0.125140,-8.467591,-5.423538,-122.639778
2.267961,-0.358582,0.175476,0.843022,0.129930,-8.434061,-5.445093,-122.846596
2.283557,-1.014709,-0.038147,0.705693,0.073048,-8.423882,-5.436710,-122.837891
2.299140,-1.312256,0.061035,0.629399,0.051493,-8.399334,-5.448087,-122.968788
2.314734,-1.510620,-0.152588,0.209783,0.074246,-8.393346,-5.525925,-123.359688
2.330335,-1.434326,-0.205994,0.232671,0.109572,-8.377179,-5.542091,-123.487427
2.345935,-1.113892,-0.244141,0.026677,0.111368,-8.377179,-5.536702,-123.461792
2.361558,-0.465393,-0.480652,-0.103022,0.083227,-8.393945,-5.546881,-123.457497
2.377173,-0.007629,-0.198364,-0.186946,0.079634,-8.344847,-5.551671,-123.635086
2.392773,0.061035,-0.366211,-0.217463,0.091011,-8.347241,-5.549875,-123.618950
2.408359,0.122070,-0.457764,-0.125911,0.096998,-8.350236,-5.524727,-123.489632
2.423958,0.190735,-0.259399,0.095342,0.105381,-8.375383,-5.540894,-123.487389
2.439586,0.343323,-0.129700,0.156377,0.098196,-8.362210,-5.542091,-123.534599
2.455189,1.228333,-0.495911,0.148748,0.005988,-8.340056,-5.635497,-124.047462
2.470801,2.403259,-0.633240,-0.095393,0.083227,-8.277187,-5.612744,-124.141121
2.486394,3.517151,-0.411987,-0.492122,0.066462,-8.259225,-5.609750,-124.184753
2.502004,4.287720,-0.686646,-0.698115,0.114961,-8.357421,-5.546282,-123.569679
2.517617,4.608154,-0.740051,-1.155879,0.073048,-8.395143,-5.525925,-123.354065
2.533229,4.554749,-1.014709,-1.735713,0.021555,-8.490344,-5.410964,-122.509689
2.548842,4.203796,-0.953674,-1.888301,0.024549,-8.533455,-5.304984,-121.867920
2.564448,3.356934,-1.121521,-1.743342,0.127535,-8.533455,-5.299595,-121.841835
2.580060,1.792908,-0.907898,-1.186396,0.187410,-8.534054,-5.284028,-121.764542
2.595663,0.190735,-0.617981,-0.423457,0.149689,-8.586145,-5.301392,-121.692657
2.611259,-0.885010,-0.411987,0.286077,0.111967,-8.568781,-5.303787,-121.756111
2.626860,-1.457214,0.221252,0.850652,0.001198,-8.535850,-5.332527,-121.993896
2.642462,-2.166748,0.610352,1.255010,0.134720,-8.493338,-5.366057,-122.284538
2.658067,-2.647400,0.541687,1.560186,0.136516,-8.423284,-5.408569,-122.704414
2.673680,-3.273010,0.495911,1.682256,0.128134,-8.415500,-5.467247,-123.010330
2.689303,-2.731323,0.335693,1.506780,0.046703,-8.381969,-5.531313,-123.421066
2.704914,-1.937866,0.129700,0.980352,0.148491,-8.335267,-5.566640,-123.736664
2.720524,-1.274109,-0.305176,0.308965,0.095202,-8.293354,-5.582807,-123.947113
2.736129,-0.648499,-0.259399,-0.316646,0.128732,-8.272996,-5.598374,-124.086395
2.751708,0.106812,-0.389099,-0.568416,0.092208,-8.307724,-5.622324,-124.088516
2.767306,0.961304,-0.442505,-0.339534,0.134720,-8.328082,-5.623522,-124.029121
2.782914,2.212524,-0.183105,-0.286128,0.113165,-8.374186,-5.589992,-123.724167
2.798521,3.387451,-0.480652,-0.530269,0.071252,-8.378377,-5.529517,-123.423798
2.814123,3.730774,-0.602722,-0.804927,0.093406,-8.384365,-5.475030,-123.144730
2.829719,3.547668,-0.755310,-1.255061,0.083826,-8.404722,-5.478623,-123.098343
2.845322,3.341675,-0.801086,-1.262690,0.086819,-8.413704,-5.433118,-122.852211
2.860932,3.540039,-1.144409,-1.483943,0.114362,-8.439450,-5.455272,-122.878685
2.876544,3.906250,-1.197815,-1.537349,0.091011,-8.514295,-5.466648,-122.702705
2.892146,4.676819,-0.854492,-1.155879,0.128732,-8.412506,-5.479821,-123.079819
2.907761,4.676819,-0.724792,-0.858333,0.150886,-8.505912,-5.333724,-122.090202
2.923384,4.508972,-0.350952,-0.507380,0.162861,-8.476573,-5.339113,-122.205475
2.938995,4.264832,-0.282288,-0.240352,0.167651,-8.524473,-5.368452,-122.201454
2.954592,3.654480,-0.427246,-0.286128,0.086819,-8.493937,-5.330132,-122.109169
2.970186,3.128052,-0.427246,-0.133540,0.103585,-8.506511,-5.338514,-122.111542
2.985770,2.655029,-0.389099,-0.194575,0.114362,-8.501122,-5.367255,-122.266617
3.001365,2.372742,-0.473022,-0.293757,0.123942,-8.476573,-5.383421,-122.419395
3.016971,2.441406,-0.564575,-0.309016,0.108375,-8.497529,-5.360070,-122.242905
3.032578,2.548218,-0.663757,-0.293757,0.089813,-8.468789,-5.415155,-122.595856
3.048181,2.624512,-0.389099,-0.423457,0.108375,-8.519085,-5.310373,-121.937347
3.063763,2.349854,-0.343323,-0.446345,0.113165,-8.522677,-5.337915,-122.059685
3.079356,2.304077,-0.305176,-0.431086,0.140109,-8.524473,-5.307978,-121.909492
3.094960,1.991272,-0.381470,-0.293757,0.180824,-8.534054,-5.304984,-121.866119
3.110565,2.098083,-0.541687,-0.324275,0.148491,-8.528665,-5.333126,-122.018471
3.126168,2.334595,-0.228882,-0.064875,0.083826,-8.493338,-5.409766,-122.494781
3.141769,2.609253,-0.190735,-0.034358,0.074844,-8.490943,-5.371446,-122.317818
3.157388,2.357483,-0.129700,-0.202205,0.128134,-8.558602,-5.249899,-121.525215
3.172997,1.754761,-0.343323,-0.263240,0.196392,-8.544232,-5.270257,-121.667130
3.188605,1.541138,-0.717163,-0.049617,0.167651,-8.535251,-5.296003,-121.819023
3.204221,1.770020,-0.259399,0.278447,0.141905,-8.532856,-5.255288,-121.628433
3.219825,1.701355,0.022888,0.354741,0.110770,-8.557405,-5.285225,-121.700310
3.235420,1.472473,-0.053406,0.186895,0.091011,-8.525671,-5.284028,-121.789742
3.251027,1.342773,-0.587463,-0.225093,0.095202,-8.526868,-5.356477,-122.136543
3.266625,1.785278,-0.740051,-0.278499,0.116158,-8.505912,-5.394797,-122.384529
3.282208,2.670288,-0.511169,-0.118281,0.107776,-8.483758,-5.400186,-122.478081
3.297802,3.738403,-0.053406,0.064824,0.083826,-8.515491,-5.354681,-122.162361
3.313401,4.180908,-0.022888,-0.011470,0.102986,-8.558003,-5.252294,-121.538643
3.329000,4.020691,-0.160217,-0.301387,0.132325,-8.442444,-5.289416,-122.068237
3.344605,3.753662,-0.587463,-0.530269,0.128732,-8.556806,-5.258880,-121.574242
3.360216,4.112244,-0.740051,-0.835444,0.091011,-8.528665,-5.283429,-121.777832
3.375819,4.379272,-0.312805,-0.629451,0.092807,-8.551417,-5.260676,-121.599075
3.391418,4.478455,0.442505,-0.240352,0.127535,-8.613688,-5.182240,-121.032318
3.407014,3.623962,0.175476,-0.156428,0.176034,-8.719069,-5.039137,-120.025520
3.422619,2.540588,-0.328064,-0.171687,0.168849,-8.647218,-5.095420,-120.508949
3.438214,1.838684,-0.541687,-0.408198,0.189207,-8.596923,-5.176252,-121.052368
3.453785,1.945496,-0.335693,-0.263240,0.132924,-8.581355,-5.199005,-121.209518
3.469360,2.944946,-0.030518,0.164006,0.152084,-8.552615,-5.230140,-121.446831
3.484939,3.196716,0.183105,2.300237,0.152084,-8.733438,-5.207387,-120.805870
3.500507,3.181458,-0.419617,0.156377,0.115560,-8.597522,-5.081050,-120.582672
3.516096,3.128052,-0.358582,-0.087764,0.123344,-8.629854,-5.161882,-120.885445
3.531677,3.494263,-0.564575,-0.469233,0.028740,-8.620274,-5.242713,-121.307304
3.547293,4.592896,-0.144958,-0.431086,0.108973,-8.546028,-5.230739,-121.469406
3.562911,4.753113,0.007629,-0.347163,0.234712,-8.528066,-5.034945,-120.557480
3.578513,4.348755,0.190735,-0.339534,0.167053,-8.623867,-5.085840,-120.529564
3.594120,4.287720,-0.221252,-0.370051,0.152084,-8.671767,-5.108593,-120.502594
3.609712,4.638672,-0.694275,-0.637080,0.164059,-8.659193,-5.158888,-120.785217
3.625314,5.798340,-0.984192,-0.339534,0.172441,-8.610694,-5.202597,-121.140457
3.640917,6.515503,0.144958,0.171636,0.139510,-8.626262,-5.022971,-120.211739
3.656521,5.744934,0.633240,0.514959,0.095801,-8.774154,-5.025964,-119.804718
3.672120,5.325317,0.213623,0.164006,0.083826,-8.735235,-4.910405,-119.341980
3.687723,4.646301,-0.900269,-0.133540,0.216151,-8.721463,-4.948126,-119.568420
3.703328,4.409790,-1.396179,-0.400569,0.273631,-8.686736,-5.031952,-120.082352
3.718944,5.241394,-0.808716,-0.324275,0.136516,-8.652607,-5.061291,-120.325241
3.734535,5.554199,-0.640869,0.370000,0.082029,-8.671168,-5.054705,-120.239296
3.750143,5.958557,-0.488281,0.255559,0.131127,-8.731643,-5.006206,-119.827393
3.765756,5.653381,-0.381470,0.003789,0.089214,-8.763975,-4.983453,-119.623825
3.781358,6.065369,-0.686646,-0.247981,0.145497,-8.729247,-5.010397,-119.854874
3.796964,6.401062,-0.648499,-0.194575,0.161065,-8.775950,-4.939145,-119.370995
3.812567,7.057190,0.129700,0.095342,0.122745,-8.738828,-4.927769,-119.418373
3.828171,6.492615,0.236511,0.225042,0.143102,-8.754993,-4.815802,-118.813576
3.843772,6.401062,-0.045776,0.064824,0.153281,-8.732840,-4.884059,-119.217194
3.859376,6.027222,-0.335693,-0.019099,0.165256,-8.845406,-4.909207,-119.030304
3.874995,6.652832,-0.602722,-0.316646,0.205373,-8.732840,-4.928367,-119.438148
3.890609,7.354736,-0.518799,0.247930,0.211360,-8.740623,-4.828974,-118.919548
3.906225,7.324219,-0.030518,0.392888,0.208367,-8.828042,-4.976268,-119.409462
3.921844,4.104614,-0.007629,0.385259,0.050295,-9.129215,-5.068476,-119.038719
3.937455,6.652832,-0.045776,0.789617,0.131127,-8.689131,-4.637372,-118.088753
3.953074,6.843567,-0.984192,0.019048,0.182021,-8.892708,-3.752413,-112.878052
3.968684,4.013062,-0.778198,0.270818,0.170645,-8.726852,-4.834363,-118.984871
3.984282,6.050110,-0.450134,0.324224,0.090412,-8.866961,-4.899028,-118.920807
3.999884,5.462646,0.053406,0.164006,-0.031734,-8.925040,-4.664915,-117.595039
4.015470,4.562378,-0.236511,0.354741,0.132325,-8.890312,-4.622404,-117.471603
4.031067,4.272461,-0.396729,-0.377681,0.078437,-8.834628,-4.501455,-116.999939
4.046678,3.540039,-0.862122,-0.614192,0.146096,-8.918454,-4.722395,-117.901588
4.062277,3.479004,-0.610352,-0.255610,-0.026345,-8.929232,-4.943336,-118.969467
4.077863,1.998901,-0.053406,-0.400569,0.116757,-8.926238,-4.669106,-117.613014
4.093467,3.486633,-0.427246,-0.217463,0.207169,-8.902886,-4.602046,-117.335167
4.109078,2.624512,-0.572205,-0.209834,0.185614,-8.960965,-4.584083,-117.092529
4.124693,2.433777,-0.808716,-0.362422,0.207768,-8.959768,-4.566121,-117.004532
4.140310,2.372742,-0.366211,-0.309016,0.129331,-8.917855,-4.639169,-117.483955
4.155900,3.837585,-0.007629,0.293706,0.173639,-8.954379,-4.591269,-117.146019
4.171500,1.724243,-0.015259,0.507329,0.166454,-8.926238,-4.505048,-116.779953
4.187099,1.785278,0.091553,0.530217,0.175435,-8.933423,-4.785864,-118.179100
4.202706,3.822327,-0.320435,0.110601,0.080233,-8.925639,-4.777481,-118.158081
4.218305,2.059937,-0.076294,0.202153,0.130529,-8.900492,-4.641564,-117.541817
4.233914,2.403259,-0.228882,0.476812,0.219743,-8.902287,-4.652341,-117.591599
4.249522,3.120422,-0.450134,0.751470,0.192799,-8.881930,-4.844542,-118.609734
4.265099,3.639221,-0.167847,0.644658,0.093406,-8.920250,-4.681082,-117.689156
4.280687,4.066467,-0.061035,0.255559,-0.050894,-8.872949,-4.503850,-116.912048
4.296306,3.822327,0.106812,-0.003840,0.039518,-8.888516,-4.601447,-117.369904
4.311916,3.524780,-0.289917,-0.125911,0.164059,-8.981922,-4.521813,-116.722275
4.327531,3.334045,-0.694275,-0.148799,0.019759,-9.023835,-4.542769,-116.721542
4.343127,3.486633,-0.602722,-0.072505,0.040715,-9.007070,-4.371525,-115.889320
4.358732,2.792358,-0.358582,0.102971,0.196990,-9.011261,-4.327218,-115.650375
4.374338,1.861572,-1.449585,-0.270869,0.123344,-8.844209,-4.618811,-117.575424
4.389943,-1.167297,-1.663208,-0.041987,0.049697,-8.922646,-4.587077,-117.207413
4.405545,-3.196716,-0.434875,-0.484492,0.288001,-8.987909,-4.531991,-116.758698
4.421143,-2.548218,-0.450134,-0.896479,0.028141,-8.951385,-4.554744,-116.968407
4.436744,-2.197266,0.053406,-0.110652,0.154479,-8.886720,-4.591867,-117.325905
4.452351,-2.593994,-0.061035,0.606511,0.250878,-8.854986,-4.653539,-117.723160
4.467943,-2.883911,0.015259,0.797246,0.235909,-9.000484,-4.567917,-116.908661
4.483539,-1.571655,-0.045776,0.370000,-0.151485,-8.926238,-4.660724,-117.570747
4.499145,-0.366211,-0.236511,0.377629,0.079036,-8.962163,-4.636175,-117.352760
4.514745,1.014709,-0.144958,0.400518,0.188608,-8.883726,-4.735568,-118.060341
4.530342,2.494812,-0.244141,0.293706,0.132325,-8.806487,-4.824184,-118.713882
4.545940,4.180908,-0.617981,-0.148799,0.005988,-8.855585,-4.730778,-118.111755
4.561538,5.691528,-0.801086,-0.736262,0.050295,-8.917256,-4.685273,-117.718170
4.577146,7.164001,-1.342773,-1.064326,0.062869,-8.978929,-4.627193,-117.263832
4.592741,9.361267,-1.342773,-0.110652,-0.043709,-9.037606,-4.464931,-116.291168
4.608326,10.673523,-2.319336,0.698064,0.143102,-8.934022,-4.472116,-116.591232
4.623912,10.360718,-2.716064,0.926946,0.164658,-9.033415,-4.372124,-115.826729
4.639516,9.689331,-4.470825,0.209783,0.295186,-9.165740,-4.439783,-115.845032
4.655115,10.261536,-6.210327,-0.881221,0.078437,-9.111852,-4.462536,-116.093323
4.670744,10.894775,-7.331848,-1.110103,-0.002994,-9.041798,-4.379309,-115.842796
4.686333,11.909485,-7.644653,-0.957515,-0.215552,-9.063951,-4.351767,-115.646492
4.701911,14.488220,-8.575439,-0.675227,-0.184417,-8.928633,-4.413438,-116.303261
4.717480,15.563965,-8.468628,-0.057246,-0.137714,-9.030421,-4.468524,-116.327591
4.733051,13.259888,-9.262085,-0.339534,-0.182021,-9.166339,-4.150585,-114.361359
4.748645,11.413574,-9.803772,-0.721003,-0.367635,-9.190887,-4.085919,-113.968117
4.764224,9.300232,-9.170532,-0.659968,-0.262853,-9.142987,-4.060771,-113.947945
4.779809,8.430481,-8.392334,-0.522639,-0.230521,-9.234596,-4.050592,-113.683807
4.795393,8.338928,-7.995605,-0.728633,0.080233,-9.225616,-4.199084,-114.472885
4.810984,7.026672,-7.675171,-1.224543,0.383802,-9.168734,-4.123641,-114.215843
4.826553,5.012512,-5.950928,-1.506831,0.293989,-8.984916,-4.455950,-116.378502
4.842138,3.501892,-7.858276,-0.461604,0.239502,-9.187295,-4.120048,-114.153877
4.857757,0.633240,-8.331299,-0.820186,-0.110171,-9.250763,-3.964971,-113.200462
4.873391,-2.586365,-7.606506,0.202153,0.252675,-9.276509,-3.906892,-112.838867
4.888978,-3.044128,-5.226135,-0.461604,0.356259,-9.293873,-3.936829,-112.957222
4.904563,-0.122070,-3.135681,-1.102473,0.398172,-8.999885,-3.999698,-113.961151
4.920170,1.564026,-0.732422,-3.543880,0.578397,-9.218431,-4.018858,-113.555229
4.935770,-0.091553,-1.968384,-2.445247,-0.182021,-9.125623,-4.272731,-115.089592
4.951363,-5.065918,-4.539490,-1.293208,0.026944,-9.951306,-2.781831,-105.618027
4.966948,-6.637573,-4.348755,0.507329,-0.029938,-9.475296,-3.857195,-112.150208
4.982555,-4.211426,-2.433777,1.552556,0.290396,-9.195678,-4.103882,-114.050430
4.998159,-0.083923,-1.434326,1.239751,0.245490,-9.350156,-4.232614,-114.355232
5.013746,-0.007629,1.373291,2.307866,0.082029,-9.453142,-3.853004,-112.175308
5.029344,4.898071,3.982544,3.887151,0.088616,-9.050778,-4.226028,-115.029022
5.044948,8.552551,4.196167,3.749822,0.002994,-8.937016,-4.809215,-118.285721
5.060538,11.955261,4.318237,3.086064,0.244891,-8.930429,-4.466128,-116.569748
5.076131,14.610291,3.746033,3.810857,0.390388,-9.188493,-4.384099,-115.507172
5.091717,16.830444,2.182007,3.803227,0.247286,-9.571695,-3.488961,-110.027206
5.107316,18.440247,-0.518799,2.803777,0.246687,-9.508826,-4.168547,-113.672028
5.122909,20.462036,-4.714966,0.774358,-0.056882,-9.101074,-4.082925,-114.161964
5.138516,22.590637,-5.897522,0.736211,-0.113763,-6.660549,-3.487164,-117.634529
5.154119,23.506165,-7.026672,-0.370051,-0.211959,-10.072853,-5.069075,-116.713425
5.169705,23.513794,-7.225037,-1.750972,-0.409548,-9.508826,-4.394278,-114.802902
5.185311,20.469666,-7.209778,-1.270320,-0.505349,-9.448951,-4.249978,-114.217407
5.200899,18.997192,-6.301880,2.170537,-0.419128,-9.192684,-4.142202,-114.256218
5.216490,18.035889,-5.142212,2.361272,-0.243693,-9.402846,-3.878151,-112.413422
5.232059,17.929077,-5.271912,0.896428,-0.227527,-9.529782,-3.836238,-111.927376
5.247668,16.273499,-4.386902,-0.728633,-0.004191,-9.289083,-3.673377,-111.576363
5.263288,14.968872,-3.334045,-0.797297,-0.135319,-9.354946,-3.559614,-110.832123
5.278870,13.290405,-1.152039,0.957463,-0.175435,-9.561517,-3.551830,-110.378586
5.294471,12.619019,1.739502,2.101872,-0.197589,-9.528585,-3.514108,-110.243797
5.310080,13.511658,3.509521,1.354192,-0.122745,-9.298663,-3.474591,-110.488983
5.325669,16.029358,4.127502,-1.445796,-0.073647,-9.390872,-3.211737,-108.881012
5.341256,19.393921,4.615784,-0.095393,0.008981,-9.723780,-3.171022,-108.061661
5.356856,21.568298,5.744934,0.537847,-0.033530,-9.654922,-3.021932,-107.379799
5.372458,24.063110,7.843018,1.438115,-0.050295,-9.627978,-2.903378,-106.781021
5.388039,28.221130,9.689331,1.010869,-0.113165,-9.559720,-2.884817,-106.792122
5.403613,32.745361,11.405945,-0.049617,-0.145497,-9.584270,-2.962056,-107.173965
5.419209,34.957886,12.580872,-1.232173,-0.100591,-9.608818,-2.953075,-107.083748
5.434776,35.041809,14.404297,-1.148250,-0.166454,-9.616003,-2.844102,-106.476509
5.450371,31.425476,16.235352,-0.194575,-0.156874,-9.675281,-2.896193,-106.664520
5.465963,31.219482,17.013550,-0.095393,-0.131726,-9.672885,-2.862064,-106.482712
5.481560,30.311584,16.067505,0.164006,0.045505,-9.748328,-2.806979,-106.063477
5.497163,29.785156,13.381958,0.232671,0.147892,-9.729767,-2.680641,-105.403374
5.512777,28.656006,11.077881,0.705693,0.117356,-9.813593,-2.687228,-105.313751
5.528407,26.702881,9.216309,1.056646,-0.058079,-9.726174,-2.399825,-103.860252
5.544022,24.650574,6.729126,1.140569,0.134121,-9.965676,-2.209421,-102.500458
5.559637,23.948669,4.318237,0.102971,-0.115560,-9.825567,-2.153138,-102.360207
5.575223,23.910522,2.174377,0.202153,-0.232317,-9.643546,-1.677128,-99.865746
5.590821,23.422241,2.838135,0.827764,-0.177231,-9.828562,-1.742991,-100.056244
5.606393,21.148682,2.990723,1.979802,-0.248483,-9.746532,-1.631024,-99.500076
5.621960,18.424988,3.982544,1.407598,-0.182021,-9.556726,-1.454990,-98.656670
5.637530,18.951416,4.768372,0.492070,0.028740,-9.786050,-1.357992,-97.900375
5.653109,20.996094,5.241394,-0.278499,-0.008383,-9.945318,-1.444213,-98.262466
5.668677,23.048401,6.568909,-0.408198,-0.153281,-9.995614,-1.335239,-97.608673
5.684279,23.109436,9.338379,0.644658,-0.251477,-9.926159,-1.304104,-97.484680
5.699845,22.705078,12.184143,1.590703,-0.229922,-9.740544,-1.209501,-97.078285
5.715436,23.406982,14.633179,1.789067,-0.095801,-9.789043,-1.112502,-96.483719
5.731058,25.428772,16.098022,1.499150,-0.017963,-9.913585,-0.978381,-95.636322
5.746677,27.893066,17.478943,1.430486,0.026944,-10.051298,-1.101126,-96.251862
5.762311,28.518677,18.180847,2.017949,0.106578,-10.015373,-0.831088,-94.743607
5.777908,29.014587,18.470764,2.391789,0.095202,-9.903406,-0.967005,-95.576897
5.793491,30.105591,18.371582,2.513860,0.059875,-9.968071,-0.901741,-95.169067
5.809079,30.395508,18.196106,2.681706,0.061073,-9.984238,-0.852643,-94.881149
5.824696,30.662537,17.501831,3.185246,0.086819,-9.983040,-0.843661,-94.830559
5.840321,30.418396,16.281128,3.108953,0.041913,-10.085427,-0.885574,-95.018112
5.855911,29.594421,15.014648,3.009770,-0.025148,-10.048305,-0.786780,-94.477112
5.871503,27.946472,14.884949,3.253911,-0.128134,-9.918973,-0.729299,-94.205147
5.887102,26.390076,14.762878,3.543828,-0.180225,-9.954899,-0.643079,-93.696129
5.902708,26.031494,15.487671,3.314946,-0.225132,-10.003398,-0.495785,-92.837349
5.918310,25.512695,16.960144,3.017400,-0.344284,-10.038724,-0.316757,-91.807281
5.933881,26.374817,17.814636,3.055547,-0.336500,-10.042316,-0.234129,-91.335564
5.949473,27.610779,18.775940,3.284429,-0.295186,-10.016570,-0.224549,-91.284225
5.965045,28.358459,18.920898,3.772710,-0.303569,-10.002799,0.001182,-89.993233
5.980636,29.991150,18.554688,3.978703,-0.209564,-10.043514,0.035311,-89.798561
5.996235,30.616760,17.883301,3.421758,-0.258662,-10.078841,0.280201,-88.407532
6.011852,31.028748,16.777039,2.246831,-0.249681,-10.261461,0.403545,-87.747932
6.027450,32.188416,16.235352,0.942205,-0.304167,-10.086026,0.361632,-87.946556
6.043038,30.525208,16.174316,1.781438,-0.261057,-10.081236,0.725675,-85.882790
6.058645,29.266357,16.883850,1.850103,-0.194595,-10.094409,0.821476,-85.347565
6.074256,28.038025,17.280579,1.781438,-0.233514,-10.065668,1.027447,-84.171753
6.089847,24.093628,18.318176,1.834844,-0.185614,-9.983639,1.264554,-82.781204
6.105442,22.033691,18.341064,0.568364,-0.170645,-10.130933,1.416638,-82.039780
6.121068,21.934509,17.044067,0.911687,-0.186812,-10.200987,1.545969,-81.382347
6.136661,21.774292,15.785217,0.637029,-0.104183,-10.295590,1.529204,-81.551628
6.152262,20.744324,14.991760,0.560735,-0.075443,-10.096205,1.467532,-81.729706
6.167847,17.524719,14.282227,1.178716,-0.001198,-9.761501,1.601055,-80.685432
6.183437,15.701294,13.351440,1.728032,0.090412,-9.757310,1.435200,-81.632385
6.199020,15.487671,9.857178,1.201604,0.062271,-10.084229,1.565728,-81.174438
6.214616,13.290405,8.895874,0.057195,-0.014969,-10.126741,1.643566,-80.781303
6.230234,11.451721,4.180908,0.316594,0.142504,-9.991423,1.802236,-79.775032
6.245838,11.222839,3.463745,0.987981,0.044308,-10.012379,1.756731,-80.048409
6.261423,11.100769,0.953674,1.186345,-0.165855,-10.042915,1.649554,-80.672432
6.277007,10.780334,-1.136780,0.835393,-0.214354,-10.045311,1.676498,-80.525024
6.292597,11.001587,-5.653381,0.843022,-0.247286,-9.943522,1.498668,-81.429008
6.308191,10.833740,-6.088257,0.926946,-0.285007,-9.986632,1.347781,-82.313889
6.323771,9.696960,-8.483887,1.018499,-0.296982,-10.021360,1.219049,-83.064331
6.339379,7.766724,-10.505676,0.835393,-0.290396,-9.941128,1.141211,-83.451286
6.354985,6.469727,-12.603760,0.537847,-0.277223,-9.902208,1.178933,-83.210464
6.370570,5.722046,-14.602661,0.568364,-0.263452,-9.988429,1.200488,-83.146622
6.386170,4.928589,-16.342163,0.728582,-0.323328,-10.071057,1.309461,-82.591835
6.401763,4.112244,-17.211914,0.835393,-0.404758,-9.810598,1.412447,-81.807335
6.417357,4.997253,-17.318726,1.110051,-0.444875,-9.872869,1.406459,-81.892372
6.432952,6.134033,-16.693115,1.125310,-0.480201,-9.991423,1.476514,-81.593781
6.448567,6.019592,-15.388489,1.422856,-0.398172,-9.848919,1.638776,-80.553017
6.464173,5.432129,-14.045715,1.590703,-0.311353,-9.868678,1.670510,-80.392395
6.479765,6.042480,-12.969971,1.834844,-0.231119,-9.896819,1.711226,-80.190170
6.495366,6.858826,-12.290955,0.804875,-0.113165,-9.933344,1.742361,-80.051224
6.510954,7.720947,-11.383057,-0.347163,-0.066462,-9.979447,1.842353,-79.540131
6.526536,8.659363,-9.590149,0.232671,-0.008383,-9.902807,1.924382,-79.002945
6.542104,8.903503,-7.011414,0.850652,-0.050295,-10.098599,1.900432,-79.342285
6.557680,9.170532,-5.348206,0.270818,-0.005389,-10.017169,1.850137,-79.535591
6.573281,9.361267,-3.494263,0.179265,0.102986,-9.915979,1.866902,-79.337616
6.588876,9.742737,-2.517700,0.240300,0.105381,-9.920171,1.845347,-79.462303
6.604458,9.315491,-1.922607,0.743840,0.186812,-9.981244,1.755533,-80.024658
6.620052,8.880615,-1.541138,0.736211,0.124541,-9.924961,1.808823,-79.671211
6.635652,9.101868,-1.892090,2.315495,0.108973,-9.906400,1.773496,-79.850128
6.651235,9.429932,-1.564026,0.644658,0.010778,-9.910591,1.742361,-80.028839
6.666835,9.307861,-1.564026,1.094792,-0.013173,-9.918973,1.784274,-79.802414
6.682419,9.696960,-1.876831,1.270269,-0.016765,-9.896819,1.802236,-79.679382
6.698008,10.162354,-1.678467,1.415227,0.001796,-9.868079,1.713621,-80.148666
6.713597,10.017395,-1.960754,1.346563,-0.140707,-9.891431,1.798644,-79.694016
6.729229,11.024475,-3.036499,1.171086,-0.139510,-9.933942,1.864507,-79.369797
6.744834,12.695312,-4.280090,0.614141,-0.275427,-9.830956,1.808224,-79.577980
6.760424,13.580322,-4.722595,1.186345,-0.309556,-9.868079,1.946536,-78.841324
6.776014,14.190674,-4.684448,1.232122,-0.347278,-9.846524,2.032757,-78.335495
6.791626,14.236450,-5.065918,1.666997,-0.352667,-9.863888,2.046528,-78.278748
6.807229,14.312744,-5.668640,1.628850,-0.305365,-9.848919,2.074670,-78.104584
6.822830,14.350891,-6.324768,1.468633,-0.250280,-9.767488,2.123169,-77.736336
6.838418,15.396118,-6.851196,1.377080,-0.286205,-9.830358,2.204600,-77.359734
6.854022,15.441895,-6.752014,1.384709,-0.274828,-9.857302,2.297407,-76.880478
6.869613,14.793396,-6.317139,1.216863,-0.323328,-9.713600,2.460268,-75.786980
6.885223,15.892029,-5.485535,1.163457,-0.184417,-9.790840,2.396800,-76.244499
6.900808,16.693115,-5.195618,1.255010,-0.167053,-9.880054,2.430929,-76.177277
6.916393,16.983032,-5.729675,0.888799,-0.223934,-9.743538,2.660252,-74.728882
6.932006,17.311096,-6.011963,1.346563,-0.090412,-9.740544,2.669832,-74.671982
6.947599,16.654968,-6.027222,1.308416,-0.081431,-9.687255,2.829101,-73.719902
6.963207,16.052246,-7.164001,1.224492,-0.049697,-9.707014,2.859039,-73.588539
6.978824,15.144348,-7.827759,1.232122,-0.034129,-9.715397,2.790781,-73.973106
6.994410,15.136719,-8.331299,1.224492,-0.118553,-9.653126,2.835687,-73.629402
7.010002,15.449524,-8.407593,1.712773,-0.061672,-9.677675,2.821317,-73.747093
7.025586,15.983582,-8.934021,1.720403,-0.021555,-9.709409,2.884785,-73.452667
7.041181,16.227722,-9.292603,2.155278,-0.077838,-9.717193,2.874007,-73.523621
7.056769,15.419006,-9.796143,2.719853,-0.040715,-9.504036,2.949451,-72.758965
7.072369,13.885498,-10.314941,2.521489,-0.069456,-9.525592,3.036270,-72.320389
7.087982,9.819031,-10.063171,2.048467,-0.060474,-9.612411,3.157817,-71.813896
7.103589,10.887146,-10.040283,1.773809,-0.161664,-9.583671,3.224878,-71.402061
7.119181,11.070251,-8.865356,1.995061,-0.196392,-9.570498,3.455399,-70.148041
7.134785,12.771606,-7.896423,1.743291,-0.236508,-9.575887,3.188953,-71.581253
7.150397,17.196655,-6.919861,1.628850,-0.231718,-9.583072,3.360197,-70.677353
7.166001,17.021179,-5.714417,1.544927,-0.176034,-9.571695,3.364987,-70.630569
7.181592,17.784119,-4.623413,1.102422,-0.185015,-9.459728,3.377560,-70.351082
7.197194,17.738342,-3.196716,0.858281,-0.177830,-9.480685,3.368579,-70.439384
7.212799,16.868591,-1.968384,0.682805,-0.116757,-9.490265,3.325469,-70.689110
7.228407,16.479492,-1.716614,0.690435,-0.065264,-9.469907,3.344030,-70.550766
7.244010,16.998291,-1.480103,0.629399,-0.050894,-9.510623,3.383548,-70.416214
7.259621,16.784668,-1.136780,1.087163,-0.067061,-9.446556,3.442825,-69.975586
7.275231,16.204834,-0.968933,1.255010,-0.031734,-9.396260,3.523058,-69.446838
7.290834,15.953064,-0.946045,1.071904,0.147294,-9.430988,3.575748,-69.235840
7.306431,15.708923,-1.495361,1.026128,0.150287,-9.431587,3.646401,-68.862701
7.322018,16.365051,-1.991272,0.942205,-0.048499,-9.366921,3.697894,-68.456772
7.337588,17.562866,-2.197266,1.079534,-0.119152,-9.387280,3.745196,-68.249733
7.353171,18.562317,-2.601624,1.163457,-0.113763,-9.374106,3.828423,-67.784698
7.368743,19.210815,-2.487183,1.140569,-0.136516,-9.286688,3.917039,-67.130432
7.384325,19.554138,-2.326965,1.193975,-0.173040,-9.260942,3.929014,-67.010605
7.399912,19.012451,-1.647949,1.117681,-0.249082,-9.243578,3.963742,-66.789848
7.415488,19.134521,-0.877380,1.148198,-0.236508,-9.174721,3.981105,-66.542961
7.431083,19.386292,-0.427246,1.285527,-0.282014,-9.216035,3.967933,-66.705864
7.446666,17.906189,-1.846313,1.163457,-0.237107,-9.149573,4.025413,-66.252602
7.462249,18.371582,0.267029,0.728582,-0.273631,-9.112451,4.058345,-65.993591
7.477842,19.317627,0.335693,0.759099,-0.257465,-9.223819,4.133788,-65.859772
7.493426,19.813538,1.037598,0.934575,-0.165855,-9.099277,4.205638,-65.193871
7.509016,21.331787,0.267029,0.911687,-0.042512,-9.119636,4.332574,-64.588448
7.524618,22.056580,-0.869751,1.132939,0.051493,-9.108259,4.418196,-64.123100
7.540229,21.858215,-1.777649,1.171086,0.074844,-9.116642,4.555910,-63.447067
7.555831,22.483826,-3.059387,1.422856,-0.011376,-9.051377,4.590638,-63.106987
7.571440,22.888184,-3.692627,1.171086,-0.053888,-9.089698,4.508009,-63.621021
7.587043,21.041870,-3.227234,0.530217,-0.198787,-8.903485,4.480467,-63.287262
7.602646,19.195557,-1.266479,0.553105,-0.269440,-8.819060,4.563095,-62.642376
7.618224,17.944336,0.999451,0.019048,-0.222138,-8.858579,4.608601,-62.514679
7.633836,15.586853,1.785278,-0.301387,-0.191003,-8.756191,4.886423,-60.836147
7.649442,16.540527,1.777649,-0.072505,-0.170645,-8.863967,4.930132,-60.917221
7.665019,16.235352,1.640320,1.094792,-0.001198,-8.940608,5.091795,-60.337914
7.680630,15.937805,-1.922607,1.293157,-0.011376,-8.717871,5.216936,-59.102917
7.696230,16.128540,-1.838684,0.698064,-0.231718,-8.723260,5.289984,-58.766422
7.711817,15.007019,-1.449585,1.132939,-0.275427,-8.588540,5.500745,-57.361450
7.727405,15.541077,1.792908,1.331304,-0.279020,-8.575966,5.542059,-57.128181
7.743008,16.677856,0.595093,0.934575,-0.206570,-8.662187,5.497153,-57.600182
7.758590,18.005371,0.381470,0.743840,-0.118553,-8.633447,5.425901,-57.851688
7.774188,20.477295,-0.358582,1.193975,-0.092208,-8.642428,5.227114,-58.833611
7.789791,20.805359,-1.342773,1.491521,-0.083227,-8.611293,5.076827,-59.478333
7.805393,20.286560,-2.182007,1.705144,-0.092807,-8.540041,4.993001,-59.686981
7.821004,19.134521,-2.769470,1.872991,-0.167651,-8.561596,4.955279,-59.938606
7.836606,17.784119,-2.532959,1.941655,-0.199984,-8.530460,4.975039,-59.748890
7.852219,18.020630,-2.334595,1.964543,-0.218546,-8.550818,5.024137,-59.563122
7.867827,18.630981,-2.029419,1.598333,-0.254471,-8.523275,5.120536,-59.003777
7.883427,20.011902,-1.701355,1.766179,-0.288600,-8.489147,5.249268,-58.269409
7.899007,21.934509,-1.586914,1.918767,-0.302970,-8.454419,5.321718,-57.811234
7.914601,24.322510,-1.510620,1.941655,-0.262255,-8.277786,5.394766,-56.907070
7.930217,27.572632,-1.502991,2.040837,-0.267045,-8.398136,5.457036,-56.984539
7.945827,31.227112,-1.564026,1.995061,-0.231119,-8.338860,5.485178,-56.663681
7.961432,35.125732,-1.533508,1.773809,-0.239502,-8.235873,5.498350,-56.272533
7.977024,37.788391,-0.808716,1.323674,-0.289797,-8.149652,5.494159,-56.013779
7.992627,40.237427,-0.137329,1.995061,-0.123344,-8.138875,5.481585,-56.039478
8.008233,42.709351,-0.167847,1.934026,-0.116158,-8.264614,5.386383,-56.906086
8.023847,46.836853,-2.166748,3.086064,-0.036524,-7.973619,5.322915,-56.274284
8.039458,50.605774,-3.425598,3.208135,-0.077838,-7.905960,5.379198,-55.768715
8.055075,54.939270,-4.852295,4.268620,-0.001198,-13.213323,4.996593,-69.285980
8.070653,41.023254,-14.488220,-3.665950,-0.570613,-5.613926,5.715698,-44.485332
8.086233,40.908813,-10.971069,2.948735,-1.510060,-7.626940,5.989329,-51.857944
8.101836,39.794922,-10.444641,9.052251,-0.974773,-8.242459,7.140136,-49.098831
8.117439,40.542603,-10.375977,4.268620,-0.940045,-6.725813,7.201209,-43.044983
8.133065,42.968750,-12.428284,4.138921,-0.567021,-6.904841,7.710750,-41.843887
8.148669,38.787842,-8.407593,5.298589,-0.546064,-6.539002,7.553277,-40.883305
8.164271,32.882690,-3.990173,3.353093,-0.202379,-6.684500,7.880796,-40.304646
8.179875,31.089783,-4.974365,1.064275,0.186812,-6.637796,7.972405,-39.780643
8.195477,32.402039,-4.264832,0.865911,-0.119152,-6.224656,8.279567,-36.936188
8.211082,33.569336,0.770569,1.796697,0.427511,-6.122868,9.206439,-33.626434
8.226685,32.546997,0.350952,0.263188,-0.165256,-6.175558,8.737016,-35.253700
8.242307,34.263611,1.487732,-0.354792,-0.219144,-6.048622,8.569364,-35.216068
8.257914,27.122498,0.007629,1.178716,-0.135917,-6.031857,8.471169,-35.452591
8.273523,27.542114,-2.090454,0.843022,-0.063468,-5.821095,8.076589,-35.781681
8.289136,18.722534,-4.051208,2.414678,0.020358,-6.115683,7.859241,-37.888336
8.304748,15.563965,-5.790710,3.398870,-0.082029,-6.273754,7.798168,-38.817245
8.320349,11.451721,-6.126404,2.971623,0.020956,-6.285729,7.465260,-40.097286
8.335956,9.475708,-5.767822,3.040288,-0.029938,-6.380332,7.631115,-39.898804
8.351550,8.186340,-4.158020,2.643559,-0.080233,-6.378536,7.717336,-39.574429
8.367158,8.239746,-3.593445,2.857183,0.006586,-6.243816,7.608961,-39.371864
8.382769,7.125854,-3.448486,1.941655,-0.074844,-6.161787,7.784396,-38.363590
8.398368,5.752563,-2.754211,1.949285,-0.124541,-6.194718,7.978992,-37.825001
8.413978,4.653931,-2.403259,1.796697,-0.268242,-6.314469,7.957437,-38.433071
8.429584,5.455017,-2.792358,1.850103,-0.193398,-6.081553,7.988572,-37.281353
8.445189,7.812500,-2.601624,1.117681,-0.092208,-6.253995,8.058626,-37.813690
8.460793,9.338379,-1.495361,2.315495,-0.237706,-6.276149,8.021503,-38.040180
8.476398,11.108398,0.541687,0.270818,-0.214953,-6.300698,7.874808,-38.663582
8.492000,12.374878,0.389099,-0.324275,-0.073048,-6.218668,7.780205,-38.635120
8.507605,13.298035,-0.572205,-0.133540,0.010778,-6.246809,7.692188,-39.079975
8.523192,12.580872,-1.579285,1.110051,0.031734,-6.185138,7.655664,-38.935318
8.538793,12.512207,-2.052307,0.980352,-0.097597,-6.218668,7.751465,-38.738579
8.554398,12.268066,-1.281738,0.789617,-0.092807,-6.130053,7.684404,-38.580288
8.570002,13.214111,-0.442505,0.530217,0.089813,-6.356981,7.794575,-39.199474
8.585616,15.815735,0.175476,0.026677,0.164059,-6.200107,7.743082,-38.685249
8.601197,17.837524,-0.381470,0.141118,0.143102,-6.115084,7.808347,-38.066166
8.616779,20.652771,-0.495911,0.179265,0.046703,-6.119874,7.894567,-37.782864
8.632376,23.384094,-0.633240,0.049565,-0.034728,-5.940247,7.795773,-37.306786
8.647991,22.949219,-0.755310,-0.255610,0.044907,-5.958808,7.859839,-37.166988
8.663600,22.186279,0.427246,-0.164058,-0.047900,-5.851033,8.000546,-36.179092
8.679209,20.156860,2.922058,-1.346614,-0.347278,-5.689968,8.304714,-34.416958
8.694813,23.719788,4.180908,-2.040889,-0.042512,-5.773793,8.245438,-35.001286
8.710416,25.024414,4.493713,-2.300288,0.023950,-5.606741,8.459792,-33.534489
8.726019,27.984619,5.210876,-2.872493,-0.164059,-5.666616,8.459792,-33.815331
8.741628,27.801514,4.386902,-2.056148,-0.068258,-5.309160,8.593913,-31.707003
8.757233,27.412415,2.899170,-1.247432,-0.376018,-5.298382,8.687319,-31.378948
8.772847,28.350830,1.358032,-0.743892,-0.259261,-5.199587,8.508291,-31.429939
8.788445,28.129578,0.175476,-0.141169,-0.300575,-5.221741,8.481946,-31.617704
8.804029,26.870728,0.114441,0.209783,-0.234712,-5.048102,8.468773,-30.798504
8.819630,24.078369,-1.869202,1.010869,-0.114362,-5.015769,8.389737,-30.872919
8.835233,23.796082,-3.555298,2.140019,-0.349074,-5.017566,8.610080,-30.231701
8.850830,23.071289,-4.470825,2.948735,-0.247286,-4.911586,8.804076,-29.156116
8.866427,22.834778,-3.143311,2.216313,-0.049098,-4.684658,8.756774,-28.145683
8.882027,22.521973,-3.211975,2.353642,-0.013771,-4.730164,8.880716,-28.041243
8.897629,22.514343,-3.204346,2.445195,0.105381,-4.608017,8.863952,-27.468136
8.913232,22.125244,-1.571655,0.888799,0.092807,-4.459527,8.878921,-26.668547
8.928848,21.926880,1.068115,-0.835444,0.115560,-4.406836,9.080102,-25.888639
8.944461,20.454407,2.578735,-1.140620,0.220941,-4.399651,9.085491,-25.838596
8.960084,17.684937,2.426147,-1.331355,0.098795,-4.257746,8.986696,-25.350807
8.975688,18.600464,2.662659,-1.644160,-0.102986,-4.294869,8.850779,-25.885132
8.991308,17.059326,3.395081,-2.056148,-0.316741,-4.237987,9.061541,-25.064997
9.006909,16.731262,3.074646,-1.995112,-0.417332,-4.227210,8.804076,-25.647633
9.022511,15.441895,2.571106,-1.720454,-0.389191,-4.283493,8.909457,-25.677336
9.038094,15.068054,1.670837,-1.361873,-0.297581,-4.216432,9.024418,-25.043150
9.053691,14.808655,1.083374,-0.522639,-0.287402,-4.184099,9.028609,-24.864269
9.069308,13.923645,-0.312805,0.255559,-0.217947,-4.075126,9.127403,-24.059402
9.084924,14.106750,-2.235413,1.461003,-0.189805,-4.003275,9.209433,-23.494242
9.100534,13.999939,-2.517700,2.033208,-0.288001,-3.872746,9.232784,-22.755903
9.116147,14.060974,-2.632141,2.300237,-0.084424,-3.892505,9.235180,-22.854774
9.131733,14.038086,-1.846313,1.407598,-0.119152,-3.901487,9.235778,-22.900745
9.147326,14.228821,-1.647949,1.232122,0.061672,-3.908672,9.140576,-23.152409
9.162940,13.168335,-1.075745,0.987981,0.131127,-3.849994,9.044177,-23.058851
9.178542,11.657715,-0.366211,0.186895,0.129930,-3.854784,9.075312,-23.013601
9.194155,9.666443,0.305176,-0.186946,-0.029938,-3.799699,8.975320,-22.945353
9.209777,8.087158,0.915527,-0.408198,-0.228126,-3.791915,9.086688,-22.650991
9.225387,6.584167,1.350403,-0.888850,-0.223336,-3.784131,9.321999,-22.093981
9.240975,6.561279,1.075745,-0.743892,-0.185015,-3.735033,9.286673,-21.909637
9.256578,7.354736,0.381470,-0.186946,-0.207768,-3.761977,9.409417,-21.792013
9.272183,8.407593,-0.511169,0.133489,-0.256267,-3.841012,9.339962,-22.354670
9.287787,8.720398,-0.633240,0.537847,-0.243094,-3.879932,9.302240,-22.640844
9.303365,8.987427,-0.610352,0.568364,-0.043110,-3.982918,9.026214,-23.810005
9.318969,9.368896,-0.747681,0.743840,-0.111967,-3.709286,8.899278,-22.626745
9.334565,7.698059,-1.266479,1.033757,-0.153880,-3.747008,9.008251,-22.585009
9.350168,7.019043,-1.258850,1.049016,-0.141306,-3.713478,9.033998,-22.345402
9.365780,7.537842,-0.999451,0.637029,-0.005389,-3.741619,9.154946,-22.229797
9.381394,7.972717,-0.801086,0.385259,-0.137714,-3.746409,9.264519,-22.017548
9.397007,9.185791,-0.663757,0.286077,-0.085622,-3.700305,9.331579,-21.630098
9.412602,11.543274,-0.709534,0.331853,-0.032932,-3.669170,9.423188,-21.274778
9.428221,13.259888,-0.427246,0.232671,-0.092807,-3.561993,9.438157,-20.676678
9.443836,14.938354,-0.061035,0.637029,0.110770,-3.564986,9.404627,-20.760080
9.459448,17.524719,-0.381470,0.545476,-0.110171,-3.622467,9.308826,-21.263165
9.475060,19.111633,-0.312805,0.080083,-0.005988,-3.562592,9.215421,-21.136013
9.490664,19.775391,-0.465393,0.362371,-0.113763,-3.527265,9.147761,-21.086031
9.506268,20.042419,-0.389099,0.003789,-0.209564,-3.450624,9.014239,-20.946701
9.521873,18.936157,-0.503540,-0.003840,-0.274230,-3.348237,9.038788,-20.326136
9.537477,17.745972,-1.861572,0.194524,-0.193997,-3.231480,9.142372,-19.466560
9.553079,16.998291,-0.434875,0.347112,-0.154479,-3.130889,9.407022,-18.408716
9.568680,16.975403,-0.473022,-0.156428,-0.173639,-3.142864,9.598025,-18.130987
9.584301,18.005371,-0.495911,0.507329,-0.150287,-2.941084,9.827947,-16.660192
9.599914,20.240784,-0.709534,0.843022,-0.040715,-2.803370,9.815372,-15.939882
9.615516,21.903992,-1.174927,0.652288,-0.019759,-2.748285,9.777053,-15.700430
9.631117,22.438049,-0.640869,0.736211,-0.101190,-2.745890,9.604611,-15.954856
9.646719,22.369385,-1.953125,0.370000,-0.016765,-2.704576,9.399837,-16.051891
9.662323,20.668030,0.457764,-0.309016,0.067061,-2.692601,9.308826,-16.132643
9.677937,19.157410,0.823975,-0.583674,-0.070054,-2.718946,9.311820,-16.277206
9.693554,17.074585,0.892639,-0.583674,-0.177830,-2.602787,9.301043,-15.633653
9.709171,16.395569,0.366211,-0.186946,-0.177231,-2.557881,9.540545,-15.008402
9.724774,16.227722,0.633240,0.202153,-0.246687,-2.540517,9.553119,-14.892319
9.740377,16.555786,-1.953125,0.385259,-0.251477,-2.415377,9.696220,-13.987971
9.755991,17.593384,0.045776,0.286077,-0.256267,-2.347718,9.738732,-13.553697
9.771592,18.646240,-0.106812,0.263188,-0.201182,-2.355502,9.769868,-13.555236
9.787209,19.554138,-0.747681,0.400518,-0.188009,-2.354903,9.744720,-13.585597
9.802829,20.393372,-0.885010,0.934575,-0.094603,-2.273472,9.619580,-13.297179
9.818421,20.690918,-1.327515,0.949834,-0.241897,-2.254911,9.566890,-13.262525
9.834021,20.851135,-1.441956,1.201604,-0.238304,-2.110012,9.456718,-12.577986
9.849628,19.920349,-0.991821,0.995610,-0.116757,-1.985471,9.472286,-11.838290
9.865228,19.012451,-0.473022,0.652288,-0.009580,-1.983076,9.706998,-11.546271
9.880832,18.928528,0.122070,0.553105,0.017963,-1.884282,9.790225,-10.894252
9.896434,19.363403,-0.564575,-0.049617,-0.056283,-1.783092,9.751904,-10.361814
9.912039,18.974304,0.221252,-0.637080,-0.203577,-1.694476,9.771664,-9.837670
9.927654,18.676758,0.373840,-0.553157,-0.247885,-1.666335,9.741127,-9.707164
9.943261,18.348694,-0.114441,-0.179316,-0.130529,-1.619632,9.755497,-9.426407
9.958865,18.051147,-0.480652,0.522588,-0.247286,-1.568738,9.745318,-9.144652
9.974470,17.417908,-0.740051,0.286077,-0.238903,-1.584904,9.762683,-9.221128
9.990084,16.983032,1.930237,-0.141169,-0.053888,-1.441203,9.741127,-8.415878
10.005685,16.456604,0.267029,-0.202205,0.126936,-1.369951,9.754899,-7.994180
10.021289,15.762329,-0.244141,-0.431086,-0.060474,-1.326841,9.711788,-7.779680
10.036871,14.961243,0.152588,-0.377681,-0.159269,-1.358575,9.776454,-7.911383
10.052458,14.289856,0.984192,-0.843074,-0.162263,-1.303489,9.817768,-7.562838
10.068065,14.198303,0.625610,-0.972773,-0.150287,-1.210682,9.840521,-7.013871
10.083665,13.656616,0.923157,-1.102473,-0.174238,-0.961002,9.866866,-5.562882
10.099245,13.351440,1.129150,-1.613643,-0.093406,-1.222059,9.877644,-7.052776
10.114846,13.526917,1.235962,-1.514460,-0.114362,-0.923879,9.890217,-5.336707
10.130458,13.885498,1.419067,-1.560237,-0.182620,-0.920885,9.877045,-5.326566
10.146066,13.610840,1.121521,-1.361873,-0.177231,-1.085543,9.839323,-6.295807
10.161678,13.504028,0.778198,-0.896479,-0.256866,-1.049617,9.768670,-6.132749
10.177295,13.473511,0.495911,-0.278499,-0.261057,-1.041834,9.641135,-6.167524
10.192900,12.550354,0.000000,-0.034358,-0.242496,-1.001118,9.657302,-5.918391
10.208503,11.375427,-0.137329,0.446294,-0.224533,-0.951421,9.709992,-5.596192
10.224107,10.940552,-0.656128,0.858281,-0.113165,-0.926873,9.794416,-5.405958
10.239712,11.314392,-1.098633,1.392339,-0.136516,-0.780776,9.865069,-4.525273
10.255309,12.054443,-1.274109,1.415227,-0.202978,-0.924478,9.871655,-5.350128
10.270916,12.542725,-1.136780,1.117681,-0.147294,-0.849633,9.845909,-4.932007
10.286501,13.328552,-0.984192,1.125310,-0.089813,-0.800535,9.859681,-4.641823
10.302085,13.877869,-0.991821,1.346563,-0.119152,-0.817899,9.826749,-4.757871
10.317684,14.343262,-0.968933,0.957463,-0.183219,-0.754431,9.831539,-4.388039
10.333273,15.090942,-0.373840,0.408147,-0.152682,-0.730481,9.833336,-4.248481
10.348860,15.930176,-0.038147,0.232671,-0.051493,-0.705932,9.851897,-4.098491
10.364446,16.555786,0.366211,-0.133540,-0.025148,-0.473615,9.866267,-2.748287
10.380056,16.838074,0.587463,-0.721003,-0.117955,-0.322130,9.798608,-1.882926
10.395661,16.525269,1.182556,-1.728083,-0.023351,-0.617915,9.742924,-3.628948
10.411264,17.349243,1.777649,-1.979854,-0.032932,-0.507145,9.890816,-2.935235
10.426871,17.738342,1.365662,-1.667048,-0.124541,-0.532293,9.806991,-3.106789
10.442478,18.135071,1.235962,0.362371,-0.332309,-0.408351,9.809385,-2.383766
10.458089,19.119263,1.258850,-1.293208,-0.294587,-0.320933,9.909377,-1.854976
10.473694,20.111084,0.885010,-1.232173,-0.283211,-0.131726,9.960871,-0.757655
10.489317,20.835876,0.434875,-1.369502,-0.236508,-0.067061,9.886026,-0.388652
10.504930,21.591187,0.701904,-0.820186,-0.241298,-0.062271,9.859082,-0.361878
10.520512,21.537781,0.160217,-0.598933,-0.210163,-0.046703,9.763281,-0.274074
10.536115,21.339417,-0.541687,-0.522639,-0.213157,0.000000,9.679456,0.000000
10.551718,19.813538,-0.282288,2.254460,-0.149090,0.108375,9.736936,0.637691
10.567323,20.126343,-0.221252,0.713323,-0.193398,0.170645,9.774059,1.000225
10.582932,20.538330,-0.289917,0.644658,-0.070653,0.262853,9.866866,1.525999
10.598538,20.408630,-0.373840,1.049016,-0.084424,0.284409,9.759688,1.669193
10.614120,20.668030,-0.442505,1.483892,-0.255668,0.299377,9.933328,1.726297
10.629705,22.262573,0.366211,0.736211,-0.164658,0.316143,10.108164,1.791397
10.645273,25.108337,-0.015259,0.308965,0.032932,0.386796,10.039906,2.206276
10.660858,26.527405,-0.198364,0.026677,-0.137115,0.421523,9.859082,2.448181
10.676448,28.305054,0.488281,-0.820186,-0.294587,0.456251,9.823156,2.659277
10.692032,29.624939,1.518250,-1.667048,-0.182021,0.473615,9.792022,2.769093
10.707617,30.715942,1.228333,-1.491572,-0.082029,0.599354,9.699215,3.536041
10.723218,32.318115,0.946045,-1.697566,-0.164059,0.780776,9.785435,4.561945
10.738802,33.401489,0.747681,-1.911189,-0.502355,1.041834,9.627364,6.176278
10.754392,33.760071,1.441956,-3.177669,-0.243094,1.166375,9.621376,6.912091
10.769986,37.086487,1.129150,-2.651240,-0.264051,1.217867,9.796213,7.086664
10.785571,35.980225,0.762939,-2.223994,-0.367635,1.331631,9.682449,7.830785
10.801151,35.980225,0.289917,-1.140620,-0.082029,1.361569,9.641135,8.038432
10.816749,35.949707,0.061035,-0.293757,-0.347278,1.656156,9.732146,9.657722
10.832344,36.552429,0.106812,-0.629451,-0.272433,1.803450,9.484860,10.765699
10.847906,35.652161,-1.098633,0.148748,-0.358654,1.900448,9.596828,11.201293
10.863481,35.247803,-0.633240,-0.293757,-0.350870,1.981879,9.635148,11.623203
10.879075,34.988403,-0.701904,-0.026729,0.001198,2.104025,9.615389,12.342832
10.894660,33.905029,-1.106262,0.347112,-0.355062,2.433939,9.432170,14.469327
10.910246,33.409119,-0.015259,-1.148250,-0.029339,2.484234,9.578266,14.539948
10.925834,32.623291,-0.373840,-0.316646,-0.059875,2.533931,9.511805,14.917071
10.941435,32.241821,-0.007629,-0.782039,-0.057480,2.683021,9.319005,16.061558
10.957040,31.738281,-0.236511,-0.499751,-0.189207,2.604584,9.439954,15.424747
10.972644,30.509949,0.045776,-0.438716,-0.305964,2.625540,9.293858,15.775131
10.988249,29.563904,-0.122070,-0.057246,-0.123344,2.766846,9.212427,16.717035
11.003856,28.205872,-0.450134,0.286077,-0.405357,2.959047,9.183686,17.859297
11.019451,27.832031,-0.045776,-0.713374,-0.405357,2.905159,9.298049,17.351320
11.035059,27.175903,-0.572205,0.354741,-0.143102,2.949466,9.275895,17.639160
11.050661,26.878357,-0.640869,0.781987,-0.576601,3.079995,9.168118,18.569582
11.066265,26.794434,-0.488281,0.415776,-0.249082,3.153043,9.174706,18.966152
11.081861,26.321411,-0.946045,1.026128,-0.141306,3.179987,9.212427,19.043880
11.097461,26.786804,-0.442505,-0.392939,-0.341290,3.442242,9.353134,20.205172
11.113074,27.320862,-0.450134,-0.782039,-0.003593,3.493136,9.301043,20.584366
11.128686,27.519226,-0.411987,0.186895,-0.220941,3.460204,9.074115,20.873196
11.144303,27.175903,-0.938416,0.911687,-0.395777,3.520080,8.903469,21.571884
11.159915,26.550293,-0.686646,-0.331904,-0.414937,3.460204,8.980110,21.072607
11.175520,26.268005,-0.747681,-0.598933,-0.084424,3.620072,8.959752,22.000534
11.191119,25.650024,-0.946045,1.041387,-0.129331,3.708089,8.979511,22.438177
11.206718,25.154114,-0.801086,2.368901,-0.123942,3.855981,8.874729,23.484465
11.222321,24.787903,-0.724792,1.384709,-0.438887,3.961362,8.833415,24.153942
11.237930,24.497986,-0.450134,-0.484492,-0.240101,4.011658,8.811261,24.479185
11.253537,23.803711,-0.419617,-0.598933,-0.167053,3.963757,8.845989,24.136448
11.269143,23.574829,-0.343323,-0.026729,-0.314945,4.029620,8.812458,24.572914
11.284748,23.864746,-0.495911,-0.148799,-0.405956,4.081113,8.811860,24.850679
11.300324,24.032593,-0.854492,0.354741,-0.194595,4.259542,8.852575,25.695196
11.315912,24.467468,-1.373291,1.293157,-0.243693,4.376898,8.766355,26.532209
11.331514,25.085449,-0.762939,0.621770,-0.386197,4.430187,8.762762,26.819780
11.347109,25.779724,-1.113892,0.728582,-0.030536,4.352948,8.698695,26.584021
11.362792,25.878906,-1.052856,2.025578,-0.105381,4.397855,8.589722,27.112009
11.378353,25.459290,-0.389099,2.078984,-0.217947,4.499044,8.468773,27.979521
11.393979,24.696350,-0.717163,1.041387,-0.113763,4.550537,8.408897,28.420366
11.409603,24.559021,-0.770569,1.125310,-0.063468,4.559518,8.487334,28.245333
11.425224,23.986816,-0.091553,1.155828,-0.246687,4.730762,8.533439,29.003084
11.440828,24.574280,-0.205994,-0.011470,-0.150886,4.839736,8.426861,29.869719
11.456406,25.207520,-0.976562,-0.530269,-0.119152,4.939728,8.508291,30.138514
11.472002,25.802612,-1.083374,0.263188,-0.273631,5.038522,8.480149,30.716869
11.487581,26.710510,-0.816345,0.339482,-0.291594,5.188211,8.338843,31.888798
11.503175,27.061462,-1.113892,-0.576045,-0.328118,5.018165,8.217297,31.411709
11.518778,27.145386,-1.342773,-1.071956,-0.114961,5.086423,8.255017,31.639772
11.534374,26.947021,-1.274109,-1.117732,-0.155676,5.147496,8.066410,32.543560
11.549958,26.199341,-1.068115,-1.247432,-0.092807,5.133126,8.269986,31.827602
11.565524,25.314331,-1.197815,-0.995662,-0.114362,5.272037,7.947258,33.559425
11.581105,24.612427,-0.717163,-0.644709,-0.320933,5.306166,8.002942,33.545448
11.596689,24.642944,-0.846863,-0.576045,-0.276625,5.482200,8.061021,34.219131
11.612256,25.390625,-1.014709,0.110601,-0.162263,5.615722,8.039466,34.935040
11.627846,26.390076,-0.511169,0.850652,-0.278421,5.564229,7.901752,35.152313
11.643430,26.618958,-0.427246,0.591252,-0.248483,5.773793,7.752064,36.679008
11.659014,25.932312,-1.129150,-0.171687,-0.027543,5.531298,7.723922,35.607414
11.674617,25.192261,-1.403809,0.934575,-0.186213,5.773195,7.571838,37.323929
11.690232,23.422241,-0.816345,1.407598,-0.308359,5.835465,7.577826,37.598827
11.705844,23.361206,-1.144409,0.827764,-0.267045,6.037245,7.509568,38.797211
11.721455,23.277283,-1.739502,0.057195,-0.119152,6.043233,7.673028,38.223766
11.737059,23.361206,-1.472473,0.629399,-0.111368,5.937852,7.638899,37.858559
11.752664,23.544312,-1.312256,2.040837,-0.155078,5.989944,7.499988,38.612984
11.768247,23.399353,-0.663757,2.796147,-0.185015,6.283334,7.447896,40.152279
11.783856,23.109436,-0.526428,2.063725,-0.186213,6.142626,7.382033,39.764008
11.799439,22.644043,-1.014709,2.025578,-0.155676,6.231242,7.287430,40.532665
11.815020,22.193909,-0.328064,2.674077,-0.099393,6.119874,7.358682,39.748722
11.830626,22.056580,-0.137329,3.086064,-0.040117,6.173163,7.356287,40.002312
11.846230,21.598816,-0.038147,3.002141,-0.071851,6.344407,7.433526,40.480274
11.861844,22.171021,-0.137329,2.712224,-0.142504,6.465355,7.216178,41.858841
11.877433,22.720337,-0.488281,1.987432,-0.134121,6.508466,7.132352,42.381302
11.893031,22.964478,-1.091003,1.735662,-0.118553,6.531817,7.065292,42.753181
11.908629,22.674561,-0.862122,1.361821,-0.109572,6.708450,7.059903,43.537773
11.924230,22.644043,-1.014709,1.529668,-0.092807,6.582112,6.923387,43.552483
11.939831,22.125244,-0.816345,1.453374,-0.053888,6.728807,6.855728,44.464703
11.955426,21.514893,-1.052856,0.942205,0.001198,6.673123,6.910214,44.000031
11.971026,20.965576,-1.152039,0.820134,0.102387,6.707851,6.821599,44.518303
11.986630,21.194458,-0.473022,0.827764,-0.042512,6.821614,6.849740,44.882126
12.002228,21.514893,-0.389099,0.301335,-0.064067,6.956933,6.853333,45.429810
12.017817,22.171021,-1.052856,-0.003840,-0.071252,6.982080,6.744359,45.992180
12.033411,22.026062,-0.877380,-0.278499,-0.165855,6.924600,6.632392,46.234768
12.049009,21.598816,-1.045227,-0.278499,-0.026345,6.952742,6.575510,46.597263
12.064604,21.003723,-0.885010,-0.103022,-0.121547,7.095844,6.558745,47.252552
12.080215,21.064758,-1.007080,-0.194575,-0.074844,7.114406,6.466537,47.731182
12.095811,20.507812,-1.449585,-0.400569,0.037123,7.152127,6.387501,48.232243
12.111411,19.989014,-1.007080,-0.316646,-0.144300,7.159911,6.395285,48.228535
12.127010,18.966675,-0.625610,-0.209834,-0.054487,7.207811,6.347983,48.629341
12.142615,18.669128,-0.724792,0.125859,-0.048499,7.285051,6.268948,49.287277
12.158219,18.646240,-0.175476,0.926946,-0.225731,7.256909,6.425821,48.475872
12.173849,19.493103,0.549316,1.796697,-0.101788,7.257508,6.365946,48.744278
12.189453,20.286560,0.335693,1.934026,-0.151485,7.228768,6.373131,48.599487
12.205026,21.286011,-0.099182,2.033208,-0.128134,7.274872,6.310861,49.058769
12.220598,21.881104,0.137329,2.346013,-0.039518,7.346723,6.230628,49.699303
12.236177,25.123596,0.579834,2.902959,-0.200583,6.736591,5.109159,52.822628
12.251757,23.063660,0.343323,1.262639,-0.010179,7.689809,6.393489,50.259064
12.267363,23.674011,-1.106262,-0.026729,0.140109,7.471862,5.797129,52.193497
12.282933,25.238037,-1.464844,-1.026179,0.049098,7.620353,5.903708,52.234024
12.298511,23.719788,-1.228333,-1.476313,0.040117,7.622149,5.861794,52.438007
12.314098,24.002075,-1.655579,-2.475764,-0.114961,7.743098,5.867183,52.847675
12.329693,31.074524,-4.623413,0.347112,-0.668210,8.886720,3.259007,69.860611
12.345277,25.405884,-1.319885,-0.125911,-0.218546,8.270601,5.427098,56.727451
12.360848,24.421692,-0.267029,1.964543,-0.599952,8.529862,4.942107,59.912479
12.376417,21.034241,1.487732,5.123113,-0.583187,7.973619,4.555311,60.260765
12.392002,14.495850,3.402710,8.083318,-0.407752,7.926916,4.570879,60.031059
12.407611,8.781433,3.410339,9.998296,-0.167053,7.851473,5.360038,55.679455
12.423199,4.547119,4.562378,10.517095,0.240699,7.873627,5.000785,57.579102
12.438784,1.533508,3.898621,9.937261,0.128134,7.817344,5.433086,55.200539
12.454391,1.564026,4.241943,7.938359,0.401166,7.793394,5.520504,54.687885
12.469973,2.372742,3.097534,6.053899,0.455652,7.894583,5.841437,53.501160
12.485561,5.828857,2.044678,4.276250,0.340093,7.927515,5.774376,53.930523
12.501141,9.490967,1.228333,3.108953,0.283211,8.065228,5.655224,54.962406
12.516738,11.001587,0.732422,1.468633,0.210163,8.178991,5.361235,56.755619
12.532329,10.719299,-1.388550,0.751470,-0.123344,8.047266,5.238491,56.937271
12.547930,10.566711,-2.197266,-0.362422,-0.033530,8.044870,5.062457,57.818714
12.563556,8.522034,-2.349854,-0.476863,0.188009,8.028705,4.924743,58.475380
12.579149,4.447937,-1.640320,-0.476863,0.082029,7.952662,4.767869,59.055996
12.594732,1.205444,-0.450134,-0.209834,-0.037123,8.082592,4.989408,58.312843
12.610314,-1.823425,0.244141,0.835393,0.147892,8.082592,4.881034,58.872448
12.625889,-3.845215,0.869751,1.354192,0.079036,8.082592,5.079222,57.854134
12.641472,-5.264282,0.373840,1.399968,0.079036,8.083191,5.230707,57.092724
12.657072,-5.142212,-1.701355,0.370000,0.214354,8.036488,5.256453,56.812366
12.672659,-5.493164,-1.098633,-1.277949,0.264051,8.004754,5.360637,56.190510
12.688255,-4.951477,-1.716614,-2.788569,0.370031,7.973020,5.463623,55.578568
12.703854,-4.234314,-2.189636,-3.894832,0.288001,7.898775,5.465419,55.319382
12.719448,-4.127502,-2.090454,-4.222896,0.055684,7.961644,5.248071,56.608356
12.735039,-4.272461,-2.471924,-4.344966,0.025148,7.986792,5.284595,56.508717
12.750629,-5.149841,-2.746582,-4.291560,-0.065863,7.951465,5.423506,55.703026
12.766230,-5.073547,-2.532959,-3.894832,-0.012574,7.831714,5.422308,55.303104
12.781845,-4.989624,-1.922607,-3.330256,-0.095801,7.887398,5.509727,55.063850
12.797450,-4.417419,-1.724243,-2.994563,-0.041314,7.884404,5.615108,54.542328
12.813089,-3.761292,-1.533508,-2.223994,-0.134720,7.872429,5.552837,54.802677
12.828694,-3.105164,-1.167297,-1.674678,-0.049098,7.838300,5.534276,54.775784
12.844332,-2.845764,-1.106262,-1.117732,-0.027543,7.853269,5.587564,54.568325
12.859933,-2.006531,-1.052856,-0.804927,-0.044907,7.834708,5.537868,54.745884
12.875531,-1.548767,-1.136780,-0.637080,-0.029938,7.970625,5.533677,55.229343
12.891113,-0.495911,-0.984192,-0.637080,0.004790,7.791597,5.642051,54.090954
12.906710,-0.221252,-0.480652,-0.255610,0.060474,7.844288,5.676180,54.110245
12.922307,0.541687,-0.061035,0.110601,-0.068857,7.819140,5.476196,54.994221
12.937895,0.610352,0.389099,0.370000,0.045505,7.795789,5.538467,54.608360
12.953479,1.121521,0.244141,0.644658,-0.034728,7.890392,5.602533,54.623531
12.969078,1.388550,-0.106812,0.843022,-0.019759,7.841893,5.583374,54.549393
12.984677,1.899719,-0.106812,0.843022,0.036524,7.911348,5.508529,55.151203
13.000265,2.258301,0.030518,0.858281,0.081431,7.911947,5.480986,55.287792
13.015847,2.410889,0.503540,0.896428,0.040117,7.887997,5.456438,55.326866
13.031462,2.250671,0.488281,0.850652,-0.033530,7.886799,5.425302,55.476051
13.047075,1.976013,0.160217,0.682805,0.062869,7.918533,5.413926,55.639465
13.062695,1.358032,-0.198364,0.690435,-0.046703,7.952064,5.394167,55.849564
13.078298,0.877380,0.038147,0.759099,0.076641,7.925119,5.392371,55.768040
13.093899,0.740051,0.114441,0.736211,0.045505,7.924521,5.386982,55.792667
13.109469,0.366211,0.061035,0.446294,0.055684,7.950267,5.407938,55.775642
13.125057,-0.106812,-0.022888,0.133489,0.052690,7.931107,5.427697,55.613995
13.140637,-0.205994,-0.511169,-0.278499,0.019759,7.920928,5.422907,55.603279
13.156229,-0.419617,-0.633240,-0.431086,0.043709,7.922725,5.418716,55.629978
13.171821,-0.663757,-0.579834,-0.476863,0.076641,7.925718,5.435481,55.557556
13.187404,-0.625610,-0.671387,-0.614192,0.043110,7.900571,5.504937,55.132099
13.202992,-0.724792,-0.488281,-0.751521,0.026345,7.885602,5.464221,55.280502
13.218584,-0.816345,-0.709534,-0.728633,-0.019160,7.889793,5.476795,55.233082
13.234172,-0.663757,-0.473022,-0.644709,-0.011975,7.886799,5.515714,55.032589
13.249759,-0.640869,-0.358582,-0.316646,-0.057480,7.864047,5.488770,55.086597
13.265341,-0.373840,-0.297546,-0.072505,0.005988,7.874226,5.517510,54.980873
13.280931,-0.160217,-0.221252,0.148748,-0.047900,7.885602,5.545053,54.885612
13.296538,-0.022888,-0.160217,0.156377,0.022753,7.856263,5.574991,54.639584
13.312136,0.549316,-0.137329,0.217412,-0.010179,7.867639,5.549244,54.803719
13.327722,1.037598,-0.221252,0.141118,0.005389,7.858658,5.546849,54.784542
13.343305,1.327515,-0.068665,0.286077,-0.039518,7.879614,5.509727,55.037289
13.358892,1.464844,-0.061035,2.185796,-0.023351,7.873627,5.512122,55.005131
13.374490,1.602173,-0.305176,2.246831,-0.020358,7.875423,5.491165,55.113731
13.390073,1.373291,-0.381470,0.354741,-0.005389,7.904762,5.446259,55.433758
13.405645,1.373291,-0.144958,0.408147,0.014969,7.905361,5.445061,55.441673
13.421217,0.984192,-0.076294,0.385259,0.016166,7.914342,5.438475,55.504433
13.436787,0.892639,0.099182,0.423406,-0.020358,7.903564,5.432487,55.497452
13.452360,0.595093,0.045776,0.301335,0.011376,7.923922,5.431889,55.569164
13.467940,0.526428,-0.267029,0.217412,0.041913,7.898775,5.430691,55.490082
13.483509,0.183105,-0.389099,-0.072505,0.040117,7.921527,5.422907,55.605297
13.499078,1.937866,-0.305176,-0.095393,0.070653,7.922126,5.411531,55.663380
13.514710,0.083923,-0.541687,-0.331904,0.022154,7.923323,5.428895,55.581875
13.530335,-0.152588,-0.579834,-0.339534,0.021555,7.904163,5.319921,56.057354
13.545947,-0.404358,-0.648499,-0.446345,0.011975,7.898775,5.321119,56.033276
13.561555,-0.465393,-0.579834,-0.499751,-0.004191,7.879015,5.451048,55.322819
13.577163,-0.480652,-0.427246,-0.347163,0.056882,7.898775,5.486974,55.213783
13.592760,-0.579834,-0.602722,-0.263240,-0.013771,7.873028,5.481585,55.152485
13.608352,-0.434875,-0.236511,-0.263240,0.058678,7.882010,5.500146,55.092270
13.623984,0.015259,-0.335693,-0.072505,-0.016166,7.874226,5.522899,54.954582
13.639568,-1.884460,-0.205994,-0.118281,0.044308,7.873627,5.518708,54.972984
13.655166,0.289917,-0.236511,0.057195,-0.026345,7.902367,5.521702,55.056450
13.670785,0.473022,-0.160217,0.080083,0.012574,7.870034,5.528887,54.911041
13.686372,0.724792,-0.289917,0.156377,0.022154,7.868837,5.486974,55.111771
13.701966,0.930786,-0.244141,0.247930,0.017963,7.905960,5.499548,55.176731
13.717536,1.045227,-0.213623,0.331853,0.048499,7.885602,5.326508,55.962055
13.733103,1.159668,-0.205994,0.308965,0.004790,7.898176,5.328304,55.995426
13.748674,1.129150,0.022888,0.507329,0.039518,7.893984,5.477394,55.244408
13.764281,1.045227,0.030518,0.408147,0.036524,7.883806,5.455839,55.315559
13.779873,0.740051,-0.152588,0.308965,0.015568,7.904163,5.434283,55.490635
13.795491,0.633240,-0.144958,0.217412,0.049098,7.917336,5.432487,55.543999
13.811093,0.511169,-0.244141,0.247930,0.052690,7.916737,5.455240,55.430176
13.826680,0.381470,-0.129700,0.164006,0.041913,7.944879,5.451647,55.542717
13.842263,0.183105,-0.244141,0.026677,0.044907,7.906558,5.416920,55.584282
13.857818,0.137329,-0.350952,-0.125911,0.023351,7.908953,5.438475,55.486217
13.873395,-0.251770,-0.381470,-0.164058,0.048499,7.885003,5.436080,55.416840
13.888973,-0.358582,-0.549316,-0.293757,0.035925,7.909552,5.475597,55.306053
13.904552,-0.190735,-0.373840,-0.263240,0.020358,7.928712,5.457635,55.458881
13.920111,-0.297546,-0.343323,-0.278499,0.010179,7.893984,5.482184,55.220943
13.935707,-0.160217,-0.404358,-0.186946,0.014969,7.899972,5.471406,55.294086
13.951301,-0.259399,-0.389099,-0.186946,0.000000,7.872429,5.487573,55.121105
13.966894,-0.152588,-0.320435,-0.164058,0.025746,7.899972,5.486974,55.217854
13.982476,0.076294,-0.244141,-0.064875,0.022154,7.895781,5.520504,55.039856
13.998062,0.259399,-0.320435,0.026677,-0.016765,7.868837,5.527689,54.912781
14.013639,0.465393,-0.221252,0.049565,0.048499,7.877219,5.515115,55.002796
14.029228,0.709534,-0.297546,0.156377,-0.016166,7.897577,5.507930,55.107300
14.044810,0.686646,-0.175476,0.316594,0.040715,7.861651,5.492362,55.060810
14.060409,0.785828,-0.114441,0.217412,0.022154,7.911947,5.464221,55.369911
14.076016,0.915527,-1.815796,0.240300,0.043110,7.890392,5.472604,55.255669
14.091622,0.762939,1.899719,0.431035,0.044907,7.908354,5.476196,55.299061
14.107234,0.869751,-0.053406,0.263188,0.023950,7.892787,5.469011,55.281425
14.122844,0.915527,-0.129700,0.232671,0.063468,7.906558,5.464820,55.348717
14.138455,0.663757,-0.068665,0.171636,0.008383,7.907157,5.436080,55.491928
14.154062,0.610352,-0.122070,0.133489,0.055085,7.908953,5.452845,55.415596
14.169661,0.389099,-0.114441,0.072454,0.035327,7.929910,5.442067,55.539322
14.185249,0.175476,-0.251770,0.011418,0.053888,7.910151,5.472005,55.325676
14.200856,0.213623,-0.305176,-0.133540,0.045505,7.909552,5.454641,55.408802
14.216449,0.129700,-0.328064,-0.125911,0.048499,7.880213,5.461227,55.276863
14.232060,-0.083923,-0.236511,-0.164058,-0.002395,7.922725,5.479789,55.330151
14.247664,-0.091553,-0.274658,-0.141169,0.041314,7.899373,5.465419,55.321411
14.263269,-0.183105,-0.411987,-0.156428,0.002395,7.896978,5.471406,55.283920
14.278872,-0.190735,-0.343323,-0.110652,0.012574,7.890991,5.498949,55.128742
14.294473,-0.083923,-0.396729,-0.080134,0.005988,7.885003,5.489369,55.155197
14.310080,-0.038147,-0.373840,-0.095393,0.040117,7.895781,5.511523,55.083652
14.325690,0.152588,-0.228882,-0.049617,-0.005988,7.887997,5.483381,55.194706
14.341304,0.267029,-0.251770,-0.049617,0.025148,7.889793,5.502542,55.107105
14.356911,0.343323,-0.045776,-0.049617,0.024549,7.861053,5.507331,54.985512
14.372518,0.434875,-0.244141,0.072454,0.033530,7.889793,5.497153,55.133442
14.388117,0.694275,-0.213623,0.202153,0.019160,7.897577,5.499548,55.148232
14.403708,0.556946,-0.152588,0.156377,0.029339,7.895182,5.482184,55.225014
14.419311,0.778198,-0.152588,0.202153,0.010778,7.887398,5.470209,55.257233
14.434908,0.656128,-0.106812,0.247930,0.040715,7.899972,5.448654,55.405762
14.450518,0.808716,-0.228882,0.232671,-0.002395,7.901169,5.474999,55.280544
14.466118,0.755310,-0.137329,0.125859,0.035925,7.901169,5.451647,55.395107
14.481719,0.686646,-0.205994,0.171636,0.014969,7.903564,5.448654,55.417931
14.497318,0.610352,-0.244141,0.095342,0.043110,7.902966,5.430691,55.504269
14.512930,0.572205,-0.289917,0.026677,0.035925,7.910749,5.431290,55.527645
14.528508,0.213623,-0.190735,0.095342,0.025148,7.930509,5.422907,55.635555
14.544140,0.289917,-0.236511,-0.041987,0.049098,7.924521,5.458832,55.438858
14.559773,0.106812,-0.167847,-0.156428,0.019160,7.912546,5.465419,55.366066
14.575352,0.076294,-0.282288,-0.125911,0.031734,7.889194,5.489968,55.166542
14.590937,0.000000,-0.289917,-0.156428,0.025148,7.907157,5.494758,55.204197
14.606512,0.076294,-0.328064,-0.087764,0.008383,7.877818,5.459431,55.277534
14.622088,-0.213623,-0.343323,-0.164058,0.025746,7.880812,5.469011,55.240688
14.637659,0.122070,-0.297546,-0.270869,-0.021555,7.887997,5.474400,55.238716
14.653232,0.068665,-0.221252,-0.110652,0.013173,7.880812,5.475597,55.208382
14.668807,0.221252,-0.389099,-0.072505,-0.016166,7.901768,5.501344,55.153717
14.684396,0.167847,-0.289917,-0.194575,0.005389,7.883207,5.516313,55.017403
14.699987,0.267029,-0.289917,-0.011470,0.004191,7.893984,5.487573,55.194565
14.715577,0.488281,-0.205994,0.072454,-0.025148,7.888596,5.491764,55.155712
14.731165,0.434875,-0.106812,0.125859,0.009580,7.894583,5.510325,55.085415
14.746742,0.648499,-0.198364,0.179265,-0.019160,7.900571,5.501943,55.146721
14.762317,0.724792,-0.076294,0.232671,-0.010179,7.877818,5.473203,55.209927
14.777936,0.785828,-0.190735,0.232671,-0.010179,7.889194,5.495955,55.137260
14.793530,0.656128,-0.068665,0.156377,0.003593,7.878417,5.454641,55.303108
14.809105,0.778198,-0.221252,0.095342,0.002994,7.904762,5.452246,55.404339
14.824688,0.778198,-0.144958,0.217412,0.029938,7.905960,5.429493,55.520294
14.840316,0.526428,-0.175476,0.064824,0.017364,7.905960,5.451647,55.411339
14.855933,0.495911,-0.221252,0.057195,0.026345,7.883207,5.469011,55.248840
